"","meanAttempts","meanSuccess","meanFailure"
"1",5.27777777777778,2.55555555555556,4.83333333333333
