"","sdAttempts","sdSuccess","sdFailure"
"1",4.05557793887636,3.79197639329681,3.6339898669288
