Data Category,t,df,p_value
success,9.532106025,33.67874078,4.32E-11
failure,-1.960768183,33.7427581,0.058203171
